{
  "shares": 3000,
  "entry_price": 31.36,
  "entry_date": "2025-12-19T16:20:51.313507",
  "initial_capital": 150000,
  "cash": 149529.6,
  "open_commission": 470.40000000000003,
  "borrow_rate": 0.08,
  "status": "OPEN"
}